{"cameraMode":{"drawMode":0,"name":"Shaded","section":"Shading Mode"},"sceneLighting":false,"audioPlay":false,"sceneViewState":{"m_AlwaysRefresh":false,"showFog":true,"showSkybox":false,"showFlares":true,"showImageEffects":true,"showParticleSystems":true,"showVisualEffectGraphs":true,"m_FxEnabled":true},"in2DMode":false,"pivot":{"x":-86.07576751708985,"y":0.0000367090106010437,"z":-27.834247589111329},"rotation":{"x":-0.30434420704841616,"y":0.6647424101829529,"z":-0.3430345058441162,"w":-0.5897646546363831},"size":0.23901882767677308,"orthographic":false}