{"cameraMode":{"drawMode":0,"name":"Shaded","section":"Shading Mode"},"sceneLighting":false,"audioPlay":false,"sceneViewState":{"m_AlwaysRefresh":false,"showFog":true,"showSkybox":false,"showFlares":true,"showImageEffects":true,"showParticleSystems":true,"showVisualEffectGraphs":true,"m_FxEnabled":true},"in2DMode":false,"pivot":{"x":4.952322959899902,"y":7.083221435546875,"z":4.080678939819336},"rotation":{"x":0.0030456287786364557,"y":0.8752071261405945,"z":-0.48370975255966189,"w":0.005511587951332331},"size":13.701059341430664,"orthographic":false}