{"cameraMode":{"drawMode":0,"name":"Shaded","section":"Shading Mode"},"sceneLighting":false,"audioPlay":false,"sceneViewState":{"m_AlwaysRefresh":false,"showFog":true,"showSkybox":false,"showFlares":true,"showImageEffects":true,"showParticleSystems":true,"showVisualEffectGraphs":true,"m_FxEnabled":true},"in2DMode":false,"pivot":{"x":0.010981082916259766,"y":0.15845441818237306,"z":-0.6047471165657044},"rotation":{"x":-0.30434420704841616,"y":0.6647424101829529,"z":-0.3430345058441162,"w":-0.5897646546363831},"size":1.5896919965744019,"orthographic":false}